<?xml version="1.0" encoding="utf-8"?>
<merger version="3" xmlns:ns1="http://schemas.android.com/tools"><dataSet aapt-namespace="http://schemas.android.com/apk/res-auto" config="main$Generated" generated="true" ignore_pattern="!.svn:!.git:!.ds_store:!*.scc:.*:&lt;dir>_*:!CVS:!thumbs.db:!picasa.ini:!*~"><source path="/home/camilla/AndroidStudioProjects/AplicativoInstitucional2/app/src/main/res"/><source path="/home/camilla/AndroidStudioProjects/AplicativoInstitucional2/app/build/generated/res/rs/debug"/><source path="/home/camilla/AndroidStudioProjects/AplicativoInstitucional2/app/build/generated/res/resValues/debug"/></dataSet><dataSet aapt-namespace="http://schemas.android.com/apk/res-auto" config="main" generated-set="main$Generated" ignore_pattern="!.svn:!.git:!.ds_store:!*.scc:.*:&lt;dir>_*:!CVS:!thumbs.db:!picasa.ini:!*~"><source path="/home/camilla/AndroidStudioProjects/AplicativoInstitucional2/app/src/main/res"><file path="/home/camilla/AndroidStudioProjects/AplicativoInstitucional2/app/src/main/res/values/colors.xml" qualifiers=""><color name="purple_200">#FFBB86FC</color><color name="purple_500">#FF6200EE</color><color name="purple_700">#FF3700B3</color><color name="teal_200">#FF03DAC5</color><color name="teal_700">#FF018786</color><color name="black">#FF000000</color><color name="white">#FFFFFFFF</color><color name="colorPrimary">#3F51B5</color><color name="colorPrimaryDark">#303F9F</color><color name="colorAccent">#FF4081</color><color name="botoesApp">#CCF2FF</color><color name="homeApp">#DAE8FC</color><color name="missaoApp">#D5E8D4</color><color name="violet">#9400D3</color><color name="indigo">#4B0082</color><color name="blue">#DAE8FC</color><color name="green">#00FF00</color><color name="yellow">#FFFF00</color><color name="orange">#FF7F00</color><color name="red">#FF0000</color><color name="visaoApp">#FFE6CC</color><color name="valoresApp">#E1D5E7</color></file><file path="/home/camilla/AndroidStudioProjects/AplicativoInstitucional2/app/src/main/res/values/themes.xml" qualifiers=""><style name="Theme.AplicativoInstitucional" parent="Theme.MaterialComponents.DayNight.DarkActionBar">
        
        <item name="colorPrimary">@color/purple_500</item>
        <item name="colorPrimaryVariant">@color/purple_700</item>
        <item name="colorOnPrimary">@color/white</item>
        
        <item name="colorSecondary">@color/teal_200</item>
        <item name="colorSecondaryVariant">@color/teal_700</item>
        <item name="colorOnSecondary">@color/black</item>
        
        <item name="android:statusBarColor" ns1:targetApi="l">?attr/colorPrimaryVariant</item>
        
    </style></file><file path="/home/camilla/AndroidStudioProjects/AplicativoInstitucional2/app/src/main/res/values/strings.xml" qualifiers=""><string name="app_name">Aplicativo-Institucional</string></file><file name="ic_launcher_background" path="/home/camilla/AndroidStudioProjects/AplicativoInstitucional2/app/src/main/res/drawable/ic_launcher_background.xml" qualifiers="" type="drawable"/><file name="ic_launcher_round" path="/home/camilla/AndroidStudioProjects/AplicativoInstitucional2/app/src/main/res/mipmap-anydpi-v26/ic_launcher_round.xml" qualifiers="anydpi-v26" type="mipmap"/><file name="ic_launcher" path="/home/camilla/AndroidStudioProjects/AplicativoInstitucional2/app/src/main/res/mipmap-anydpi-v26/ic_launcher.xml" qualifiers="anydpi-v26" type="mipmap"/><file name="ic_launcher_foreground" path="/home/camilla/AndroidStudioProjects/AplicativoInstitucional2/app/src/main/res/drawable-v24/ic_launcher_foreground.xml" qualifiers="v24" type="drawable"/><file name="backup_rules" path="/home/camilla/AndroidStudioProjects/AplicativoInstitucional2/app/src/main/res/xml/backup_rules.xml" qualifiers="" type="xml"/><file name="data_extraction_rules" path="/home/camilla/AndroidStudioProjects/AplicativoInstitucional2/app/src/main/res/xml/data_extraction_rules.xml" qualifiers="" type="xml"/><file name="ic_launcher" path="/home/camilla/AndroidStudioProjects/AplicativoInstitucional2/app/src/main/res/mipmap-xhdpi/ic_launcher.webp" qualifiers="xhdpi-v4" type="mipmap"/><file name="ic_launcher_round" path="/home/camilla/AndroidStudioProjects/AplicativoInstitucional2/app/src/main/res/mipmap-xhdpi/ic_launcher_round.webp" qualifiers="xhdpi-v4" type="mipmap"/><file name="ic_launcher" path="/home/camilla/AndroidStudioProjects/AplicativoInstitucional2/app/src/main/res/mipmap-hdpi/ic_launcher.webp" qualifiers="hdpi-v4" type="mipmap"/><file name="ic_launcher_round" path="/home/camilla/AndroidStudioProjects/AplicativoInstitucional2/app/src/main/res/mipmap-hdpi/ic_launcher_round.webp" qualifiers="hdpi-v4" type="mipmap"/><file path="/home/camilla/AndroidStudioProjects/AplicativoInstitucional2/app/src/main/res/values-night/themes.xml" qualifiers="night-v8"><style name="Theme.AplicativoInstitucional" parent="Theme.MaterialComponents.DayNight.DarkActionBar">
        
        <item name="colorPrimary">@color/purple_200</item>
        <item name="colorPrimaryVariant">@color/purple_700</item>
        <item name="colorOnPrimary">@color/black</item>
        
        <item name="colorSecondary">@color/teal_200</item>
        <item name="colorSecondaryVariant">@color/teal_200</item>
        <item name="colorOnSecondary">@color/black</item>
        
        <item name="android:statusBarColor" ns1:targetApi="l">?attr/colorPrimaryVariant</item>
        
    </style></file><file name="ic_launcher" path="/home/camilla/AndroidStudioProjects/AplicativoInstitucional2/app/src/main/res/mipmap-xxhdpi/ic_launcher.webp" qualifiers="xxhdpi-v4" type="mipmap"/><file name="ic_launcher_round" path="/home/camilla/AndroidStudioProjects/AplicativoInstitucional2/app/src/main/res/mipmap-xxhdpi/ic_launcher_round.webp" qualifiers="xxhdpi-v4" type="mipmap"/><file name="ic_launcher" path="/home/camilla/AndroidStudioProjects/AplicativoInstitucional2/app/src/main/res/mipmap-xxxhdpi/ic_launcher.webp" qualifiers="xxxhdpi-v4" type="mipmap"/><file name="ic_launcher_round" path="/home/camilla/AndroidStudioProjects/AplicativoInstitucional2/app/src/main/res/mipmap-xxxhdpi/ic_launcher_round.webp" qualifiers="xxxhdpi-v4" type="mipmap"/><file name="activity_missao" path="/home/camilla/AndroidStudioProjects/AplicativoInstitucional2/app/src/main/res/layout/activity_missao.xml" qualifiers="" type="layout"/><file name="activity_visao" path="/home/camilla/AndroidStudioProjects/AplicativoInstitucional2/app/src/main/res/layout/activity_visao.xml" qualifiers="" type="layout"/><file name="activity_home" path="/home/camilla/AndroidStudioProjects/AplicativoInstitucional2/app/src/main/res/layout/activity_home.xml" qualifiers="" type="layout"/><file name="ic_launcher" path="/home/camilla/AndroidStudioProjects/AplicativoInstitucional2/app/src/main/res/mipmap-mdpi/ic_launcher.webp" qualifiers="mdpi-v4" type="mipmap"/><file name="ic_launcher_round" path="/home/camilla/AndroidStudioProjects/AplicativoInstitucional2/app/src/main/res/mipmap-mdpi/ic_launcher_round.webp" qualifiers="mdpi-v4" type="mipmap"/><file name="activity_valores" path="/home/camilla/AndroidStudioProjects/AplicativoInstitucional2/app/src/main/res/layout/activity_valores.xml" qualifiers="" type="layout"/></source><source path="/home/camilla/AndroidStudioProjects/AplicativoInstitucional2/app/build/generated/res/rs/debug"/><source path="/home/camilla/AndroidStudioProjects/AplicativoInstitucional2/app/build/generated/res/resValues/debug"/></dataSet><dataSet aapt-namespace="http://schemas.android.com/apk/res-auto" config="debug$Generated" generated="true" ignore_pattern="!.svn:!.git:!.ds_store:!*.scc:.*:&lt;dir>_*:!CVS:!thumbs.db:!picasa.ini:!*~"><source path="/home/camilla/AndroidStudioProjects/AplicativoInstitucional2/app/src/debug/res"/></dataSet><dataSet aapt-namespace="http://schemas.android.com/apk/res-auto" config="debug" generated-set="debug$Generated" ignore_pattern="!.svn:!.git:!.ds_store:!*.scc:.*:&lt;dir>_*:!CVS:!thumbs.db:!picasa.ini:!*~"><source path="/home/camilla/AndroidStudioProjects/AplicativoInstitucional2/app/src/debug/res"/></dataSet><mergedItems/></merger>