<?xml version="1.0" encoding="utf-8"?>
<resources xmlns:ns1="http://schemas.android.com/tools">
    <style name="Theme.AplicativoInstitucional" parent="Theme.MaterialComponents.DayNight.DarkActionBar">
        
        <item name="colorPrimary">@color/purple_200</item>
        <item name="colorPrimaryVariant">@color/purple_700</item>
        <item name="colorOnPrimary">@color/black</item>
        
        <item name="colorSecondary">@color/teal_200</item>
        <item name="colorSecondaryVariant">@color/teal_200</item>
        <item name="colorOnSecondary">@color/black</item>
        
        <item name="android:statusBarColor" ns1:targetApi="l">?attr/colorPrimaryVariant</item>
        
    </style>
</resources>